Timestamp,SourceIP,DestinationIP,DnsQuery,DnsAnswer,DnsAnswerTTL,DnsQueryNames,DnsQueryClass,DnsQueryType,NumberOfAnswers,DnsResponseCode,DnsOpCode,SensorId,sus,evil
2021-05-16T17:13:14Z,10.100.1.95,10.100.0.2,https://bantuanewallet.vercel.app/ask,,,ssm.us-east-2.amazonaws.com,['IN'],['A'],0,0,0,ip-10-100-1-95,0,0
2021-05-16T17:13:14Z,10.100.0.2,10.100.1.95,http://bantuantunairasmi2024.biz.id/app6/,['52.95.19.240'],['17'],ssm.us-east-2.amazonaws.com,['IN'],['A'],1,0,0,ip-10-100-1-95,0,0
2021-05-16T17:13:14Z,10.100.1.95,10.100.0.2,https://jawattan-kossong-terkiinii2024.regist-link.biz.id/,,,ssm.us-east-2.amazonaws.com,['IN'],['AAAA'],0,0,0,ip-10-100-1-95,0,0
2021-05-16T17:13:14Z,10.100.0.2,10.100.1.95,https://bantuanbersalin.vxstr.my.id/,,,ssm.us-east-2.amazonaws.com,['IN'],['AAAA'],0,0,0,ip-10-100-1-95,0,0
2021-05-16T17:13:16Z,10.100.1.186,10.100.0.2,https://evmnodebase.com/net/connect.html,,,ssm.us-east-2.amazonaws.com,['IN'],['A'],0,0,0,ip-10-100-1-186,0,0
2021-05-16T17:13:16Z,10.100.0.2,10.100.1.186,https://thrud2.wixsite.com/hujikoop,['52.95.21.209'],['41'],ssm.us-east-2.amazonaws.com,['IN'],['A'],1,0,0,ip-10-100-1-186,0,0
2021-05-16T17:13:16Z,10.100.1.186,10.100.0.2,https://www.ing-esp-appmovil.COM,,,ssm.us-east-2.amazonaws.com,['IN'],['AAAA'],0,0,0,ip-10-100-1-186,0,0
2021-05-16T17:13:17Z,10.100.0.2,10.100.1.186,https://www.ingdirect-es-appmovil.com,,,ssm.us-east-2.amazonaws.com,['IN'],['AAAA'],0,0,0,ip-10-100-1-186,0,0
2021-05-16T17:13:17Z,10.100.1.105,10.100.0.2,https://www.ing-appmovil-es.COM,,,ssm.us-east-2.amazonaws.com,['IN'],['A'],0,0,0,ip-10-100-1-105,0,0
2021-05-16T17:13:17Z,10.100.1.105,10.100.0.2,https://www.ing-web-usuarios.com,,,ssm.us-east-2.amazonaws.com,['IN'],['AAAA'],0,0,0,ip-10-100-1-105,0,0
2021-05-16T17:13:17Z,10.100.0.2,10.100.1.105,https://www.ingmovil-es-appcliente.com,['52.95.21.209'],['40'],ssm.us-east-2.amazonaws.com,['IN'],['A'],1,0,0,ip-10-100-1-105,0,0
2021-05-16T17:13:17Z,10.100.0.2,10.100.1.105,https://www.app-ing-cliente.com/gswZfs6KTbQ7aSVh/login0,,,ssm.us-east-2.amazonaws.com,['IN'],['AAAA'],0,0,0,ip-10-100-1-105,0,0
2021-05-16T17:13:20Z,10.100.1.26,10.100.0.2,https://www.ing-esp-appmovil.com/,,,ssm.us-east-2.amazonaws.com,['IN'],['A'],0,0,0,ip-10-100-1-26,0,0
2021-05-16T17:13:20Z,10.100.0.2,10.100.1.26,https://www.ingdirect-es-appmovil.com/,['52.95.19.240'],['26'],ssm.us-east-2.amazonaws.com,['IN'],['A'],1,0,0,ip-10-100-1-26,0,0
2021-05-16T17:13:20Z,10.100.1.26,10.100.0.2,https://www.ing-appmovil-es.com/,,,ssm.us-east-2.amazonaws.com,['IN'],['AAAA'],0,0,0,ip-10-100-1-26,0,0
2021-05-16T17:13:20Z,10.100.0.2,10.100.1.26,https://www.ingmovil-es-app.com/,,,ssm.us-east-2.amazonaws.com,['IN'],['AAAA'],0,0,0,ip-10-100-1-26,0,0
2021-05-16T17:13:20Z,10.100.1.4,10.100.0.2,https://www.appcliente-ingdirect.com/,,,ssm.us-east-2.amazonaws.com,['IN'],['A'],0,0,0,ip-10-100-1-4,0,0
2021-05-16T17:13:20Z,10.100.0.2,10.100.1.4,https://s3.us-west-2.amazonaws.com/project.us-west-2.console/index.html#example@example.com,['52.95.21.209'],['39'],ssm.us-east-2.amazonaws.com,['IN'],['A'],1,0,0,ip-10-100-1-4,0,0
2021-05-16T17:13:20Z,10.100.1.4,10.100.0.2,https://smart-panda-mt30t8.mystrikingly.com/,,,ssm.us-east-2.amazonaws.com,['IN'],['AAAA'],0,0,0,ip-10-100-1-4,0,0
2021-05-16T17:13:20Z,10.100.0.2,10.100.1.4,http://dpd.flago.click/4fmOPT10859bsjJ745nrdkvnxrwp723FRHZUCLDWANARLG30/16724j9,,,ssm.us-east-2.amazonaws.com,['IN'],['AAAA'],0,0,0,ip-10-100-1-4,0,0
2021-05-16T17:23:13Z,10.100.1.95,10.100.0.2,https://webmail.kundenservice.de.zahnarzt-forstwald.de/STRATO/STRATO-Kunden-Login.htm,,,ssm.us-east-2.amazonaws.com,['IN'],['A'],0,0,0,ip-10-100-1-95,0,0
2021-05-16T17:23:13Z,10.100.1.95,10.100.0.2,https://eduardohoyosss.github.io/unadeyworry.github.io/IONOS.html,,,ssm.us-east-2.amazonaws.com,['IN'],['AAAA'],0,0,0,ip-10-100-1-95,0,0
2021-05-16T17:23:13Z,10.100.0.2,10.100.1.95,https://dashboard.kgbhealth.com/docxionosfr/#redacted@abuse.ionos.com,['52.95.22.56'],['16'],ssm.us-east-2.amazonaws.com,['IN'],['A'],1,0,0,ip-10-100-1-95,0,0
2021-05-16T17:23:13Z,10.100.0.2,10.100.1.95,https://berbagiewallet.vercel.app/Com11,,,ssm.us-east-2.amazonaws.com,['IN'],['AAAA'],0,0,0,ip-10-100-1-95,0,0
2021-05-16T17:23:16Z,10.100.1.186,10.100.0.2,https://sukienff.member.garenav.vn,,,ssm.us-east-2.amazonaws.com,['IN'],['A'],0,0,0,ip-10-100-1-186,0,0
2021-05-16T17:23:16Z,10.100.1.186,10.100.0.2,https://berbagiewallet.vercel.app/Com3,,,ssm.us-east-2.amazonaws.com,['IN'],['AAAA'],0,0,0,ip-10-100-1-186,0,0
2021-05-16T17:23:16Z,10.100.0.2,10.100.1.186,https://id.farmaitodo.com/identifier?pageMessage=wrong-mandant-redirect~~activating&login_hint=#redacted@abuse.ionos.com,['52.95.19.240'],['48'],ssm.us-east-2.amazonaws.com,['IN'],['A'],1,0,0,ip-10-100-1-186,0,0
2021-05-16T17:23:16Z,10.100.0.2,10.100.1.186,https://exact.cm/wp-content/et-cache/fr_FR/ui/app/auth/flow/mycss-login/ext/login.html,,,ssm.us-east-2.amazonaws.com,['IN'],['AAAA'],0,0,0,ip-10-100-1-186,0,0
2021-05-16T17:23:17Z,10.100.1.105,10.100.0.2,http://webmail-611799316.beatrizteixeiranutri.com.br/?id=random.com&amp,em=random@random.com,,,ssm.us-east-2.amazonaws.com,['IN'],['A'],0,0,0,ip-10-100-1-105,0
2021-05-16T17:23:17Z,10.100.0.2,10.100.1.105,http://abre.ai/lBsL,['52.95.22.56'],['10'],ssm.us-east-2.amazonaws.com,['IN'],['A'],1,0,0,ip-10-100-1-105,0,0
2021-05-16T17:23:17Z,10.100.1.105,10.100.0.2,https://guillaumerobin.com/suisse/,,,ssm.us-east-2.amazonaws.com,['IN'],['AAAA'],0,0,0,ip-10-100-1-105,0,0
2021-05-16T17:23:17Z,10.100.0.2,10.100.1.105,https://bisstroopwafel.com/my.cyon.ch/My-cyon/,,,ssm.us-east-2.amazonaws.com,['IN'],['AAAA'],0,0,0,ip-10-100-1-105,0,0
2021-05-16T17:23:20Z,10.100.1.26,10.100.0.2,https://pub-693dd3431e7e45c48190b0fe17547569.r2.dev/0191245dd709c4c2eaf661834f846744.htm,,,ssm.us-east-2.amazonaws.com,['IN'],['A'],0,0,0,ip-10-100-1-26,0,0
2021-05-16T17:23:20Z,10.100.0.2,10.100.1.26,https://areaaruba.velo-solex.ch/it/managehosting/AreaUtenti_Lang.php,['52.95.21.209'],['25'],ssm.us-east-2.amazonaws.com,['IN'],['A'],1,0,0,ip-10-100-1-26,0,0
2021-05-16T17:23:20Z,10.100.1.26,10.100.0.2,https://areaaruba.velo-solex.ch/it/managehosting/index.php?pwd=ar,,,ssm.us-east-2.amazonaws.com,['IN'],['AAAA'],0,0,0,ip-10-100-1-26,0,0
2021-05-16T17:23:20Z,10.100.0.2,10.100.1.26,https://santandernorway.auktionsgods.se/zebi.php,,,ssm.us-east-2.amazonaws.com,['IN'],['AAAA'],0,0,0,ip-10-100-1-26,0,0
2021-05-16T17:23:20Z,10.100.1.4,10.100.0.2,https://www.actuarialsociety.org.za/jdjdjvjnjdjvnjdnvjnvjndvjn.html,,,ssm.us-east-2.amazonaws.com,['IN'],['A'],0,0,0,ip-10-100-1-4,0,0
2021-05-16T17:23:20Z,10.100.1.4,10.100.0.2,http://trezor-service-activation.com,,,ssm.us-east-2.amazonaws.com,['IN'],['AAAA'],0,0,0,ip-10-100-1-4,0,0
2021-05-16T17:23:20Z,10.100.0.2,10.100.1.4,https://shorturl.at/rNotX,['52.95.22.56'],['17'],ssm.us-east-2.amazonaws.com,['IN'],['A'],1,0,0,ip-10-100-1-4,0,0
2021-05-16T17:23:20Z,10.100.0.2,10.100.1.4,http://geoflud.fr/sp_aruba.html,,,ssm.us-east-2.amazonaws.com,['IN'],['AAAA'],0,0,0,ip-10-100-1-4,0,0
2021-05-16T17:28:27Z,141.212.123.189,10.100.1.26,https://www.shorturl.at/rNotX,,,researchscan541.eecs.umich.edu,['IN'],['A'],0,0,0,ip-10-100-1-26,1,0
2021-05-16T17:33:13Z,10.100.1.95,10.100.0.2,https://2dekansbydeem.nl/my.cyon.ch/index.php,,,ssm.us-east-2.amazonaws.com,['IN'],['A'],0,0,0,ip-10-100-1-95,0,0
2021-05-16T17:33:13Z,10.100.0.2,10.100.1.95,https://allegrolokalnie.pl.sbs/,['52.95.22.56'],['20'],ssm.us-east-2.amazonaws.com,['IN'],['A'],1,0,0,ip-10-100-1-95,0,0
2021-05-16T17:33:13Z,10.100.1.95,10.100.0.2,https://allegrolokalnie.p24-v0s8b0a.shop/,,,ssm.us-east-2.amazonaws.com,['IN'],['AAAA'],0,0,0,ip-10-100-1-95,0,0
2021-05-16T17:33:13Z,10.100.0.2,10.100.1.95,https://haseplegal.com/fatturazioneelettronica/aruba.it/fattura.php,,,ssm.us-east-2.amazonaws.com,['IN'],['AAAA'],0,0,0,ip-10-100-1-95,0,0
2021-05-16T17:33:16Z,10.100.1.186,10.100.0.2,https://nyhetsbrev-vl.ham-radio-op.net/www/no/www/?p=UpfKr,,,ssm.us-east-2.amazonaws.com,['IN'],['A'],0,0,0,ip-10-100-1-186,0,0
2021-05-16T17:33:16Z,10.100.0.2,10.100.1.186,https://www.smba-info.com,['52.95.19.240'],['14'],ssm.us-east-2.amazonaws.com,['IN'],['A'],1,0,0,ip-10-100-1-186,0,0
2021-05-16T17:33:16Z,10.100.1.186,10.100.0.2,https://www.smba-co.com,,,ssm.us-east-2.amazonaws.com,['IN'],['AAAA'],0,0,0,ip-10-100-1-186,0,0
2021-05-16T17:33:16Z,10.100.0.2,10.100.1.186,https://www.smcb-co.com,,,ssm.us-east-2.amazonaws.com,['IN'],['AAAA'],0,0,0,ip-10-100-1-186,0,0
2021-05-16T17:33:17Z,10.100.1.105,10.100.0.2,http://mynewserver.wpenginepowered.com/it/,,,ssm.us-east-2.amazonaws.com,['IN'],['A'],0,0,0,ip-10-100-1-105,0,0
2021-05-16T17:33:17Z,10.100.1.105,10.100.0.2,https://mynewserver.wpenginepowered.com/it,,,ssm.us-east-2.amazonaws.com,['IN'],['AAAA'],0,0,0,ip-10-100-1-105,0,0
2021-05-16T17:33:17Z,10.100.0.2,10.100.1.105,https://ibvw17olasi5542as314vhhies0ry1npfla0dt04.website.yandexcloud.net,['52.95.21.209'],['21'],ssm.us-east-2.amazonaws.com,['IN'],['A'],1,0,0,ip-10-100-1-105,0,0
2021-05-16T17:33:17Z,10.100.0.2,10.100.1.105,https://sueseajewelry.com/Yy5jb3JiZWxsaW5pQHZuZS5pdA==,,,ssm.us-east-2.amazonaws.com,['IN'],['AAAA'],0,0,0,ip-10-100-1-105,0,0
2021-05-16T17:33:20Z,10.100.1.26,10.100.0.2,https://mumo.aestheticvibe.shop/fclkv2/ch-dhh/?aff_id=push_aff_id&amp,aff_sub2=365&amp,aff_sub3=&amp,aff_sub4=&amp,aff_sub5=&amp,affiliate_id=1862&amp,c=%7C752&amp,cc=ch&amp,clickid=w07gppu8vmgl1n1635srsp7s&amp,cpc=0.0&amp,id=w07gppu8vmgl1n1635srsp7s&amp,isp=Sunrise+Upc+Gmbh&amp
2021-05-16T17:33:20Z,10.100.0.2,10.100.1.26,https://m66.momo-888.xyz/pc/index.php?openid.pape.max_auth_age=0&openid.return_to=https%3A%2F%2Fwww.smbc.co.jp%2F%3Fref_%3Dnav_em_hd_re_signin&openid.identity=http%3A%2F%2Fspecs.openid.net%2Fauth%2F2.0%2Fidentifier_select&openid.assoc_handle=jpflex&openid.mode=checkid_setup&key=a@b.c&openid.claimed_id=http%3A%2F%2Fspecs.openid.net%2Fauth%2F2.0%2Fidentifier_select&openid.ns=http%3A%2F%2Fspecs.openid.net%2Fauth%2F2.0&&ref_=nav_em_hd_clc_signinhttps://www.smbc.co.jp,['52.95.22.56'],['13'],ssm.us-east-2.amazonaws.com,['IN'],['A'],1,0,0,ip-10-100-1-26,0,0
2021-05-16T17:33:20Z,10.100.1.26,10.100.0.2,https://m66.momo-888.xyz/,,,ssm.us-east-2.amazonaws.com,['IN'],['AAAA'],0,0,0,ip-10-100-1-26,0,0
2021-05-16T17:33:20Z,10.100.0.2,10.100.1.26,https://gzwrky.com,,,ssm.us-east-2.amazonaws.com,['IN'],['AAAA'],0,0,0,ip-10-100-1-26,0,0
2021-05-16T17:33:20Z,10.100.1.4,10.100.0.2,https://squawbutte.com/client/login,,,ssm.us-east-2.amazonaws.com,['IN'],['A'],0,0,0,ip-10-100-1-4,0,0
2021-05-16T17:33:20Z,10.100.1.4,10.100.0.2,https://melissaella.com/client/login,,,ssm.us-east-2.amazonaws.com,['IN'],['AAAA'],0,0,0,ip-10-100-1-4,0,0
2021-05-16T17:33:20Z,10.100.0.2,10.100.1.4,https://ykoec.com,['52.95.22.56'],['33'],ssm.us-east-2.amazonaws.com,['IN'],['A'],1,0,0,ip-10-100-1-4,0,0
2021-05-16T17:33:20Z,10.100.0.2,10.100.1.4,https://taocuntao.com,,,ssm.us-east-2.amazonaws.com,['IN'],['AAAA'],0,0,0,ip-10-100-1-4,0,0
2021-05-16T17:42:07Z,141.212.123.193,10.100.1.186,https://cxhjllovdb.com,,,researchscan541.eecs.umich.edu,['IN'],['A'],0,0,0,ip-10-100-1-186,1,0
2021-05-16T17:43:13Z,10.100.1.95,10.100.0.2,https://squawbutte.com,,,ssm.us-east-2.amazonaws.com,['IN'],['A'],0,0,0,ip-10-100-1-95,0,0
2021-05-16T17:43:13Z,10.100.0.2,10.100.1.95,https://ebillreview.com/client/login,['52.95.22.56'],['4'],ssm.us-east-2.amazonaws.com,['IN'],['A'],1,0,0,ip-10-100-1-95,0,0
2021-05-16T17:43:13Z,10.100.1.95,10.100.0.2,https://melissaella.com,,,ssm.us-east-2.amazonaws.com,['IN'],['AAAA'],0,0,0,ip-10-100-1-95,0,0
2021-05-16T17:43:13Z,10.100.0.2,10.100.1.95,https://englishbbva.com/client/login,,,ssm.us-east-2.amazonaws.com,['IN'],['AAAA'],0,0,0,ip-10-100-1-95,0,0
2021-05-16T17:43:16Z,10.100.1.186,10.100.0.2,https://yiheyishe.com,,,ssm.us-east-2.amazonaws.com,['IN'],['A'],0,0,0,ip-10-100-1-186,0,0
2021-05-16T17:43:16Z,10.100.1.186,10.100.0.2,https://ebillreview.com,,,ssm.us-east-2.amazonaws.com,['IN'],['AAAA'],0,0,0,ip-10-100-1-186,0,0
2021-05-16T17:43:16Z,10.100.0.2,10.100.1.186,https://drhosack.com,['52.95.22.56'],['44'],ssm.us-east-2.amazonaws.com,['IN'],['A'],1,0,0,ip-10-100-1-186,0,0
2021-05-16T17:43:16Z,10.100.0.2,10.100.1.186,https://englishbbva.com,,,ssm.us-east-2.amazonaws.com,['IN'],['AAAA'],0,0,0,ip-10-100-1-186,0,0
2021-05-16T17:43:17Z,10.100.1.105,10.100.0.2,https://drhosack.com/client/login,,,ssm.us-east-2.amazonaws.com,['IN'],['A'],0,0,0,ip-10-100-1-105,0,0
2021-05-16T17:43:17Z,10.100.0.2,10.100.1.105,https://www.shorturl.at/kvhyO,['52.95.19.240'],['28'],ssm.us-east-2.amazonaws.com,['IN'],['A'],1,0,0,ip-10-100-1-105,0,0
2021-05-16T17:43:17Z,10.100.1.105,10.100.0.2,https://shorturl.at/kvhyO,,,ssm.us-east-2.amazonaws.com,['IN'],['AAAA'],0,0,0,ip-10-100-1-105,0,0
2021-05-16T17:43:17Z,10.100.0.2,10.100.1.105,http://geoproducton.fr/hr_aruba.html,,,ssm.us-east-2.amazonaws.com,['IN'],['AAAA'],0,0,0,ip-10-100-1-105,0,0
2021-05-16T17:43:20Z,10.100.1.26,10.100.0.2,https://surl.li/tbqngi#redacted@abuse.ionos.com,,,ssm.us-east-2.amazonaws.com,['IN'],['A'],0,0,0,ip-10-100-1-26,0,0
2021-05-16T17:43:20Z,10.100.0.2,10.100.1.26,https://bingkaslgr.newsupdate.asia/log-masuk.php,['52.95.22.56'],['16'],ssm.us-east-2.amazonaws.com,['IN'],['A'],1,0,0,ip-10-100-1-26,0,0
2021-05-16T17:43:20Z,10.100.1.26,10.100.0.2,http://pro-idealista-sys826.cloud/webmail-aruba.pro-idealista-sys826.cloud/myMail/a4696cef6fdeb35833a243913babb345/?78819653,,,ssm.us-east-2.amazonaws.com,['IN'],['AAAA'],0,0,0,ip-10-100-1-26,0,0
2021-05-16T17:43:20Z,10.100.0.2,10.100.1.26,http://pro-idealista-sys826.cloud/webmail-aruba.pro-idealista-sys826.cloud,,,ssm.us-east-2.amazonaws.com,['IN'],['AAAA'],0,0,0,ip-10-100-1-26,0,0
2021-05-16T17:43:20Z,10.100.1.26,10.100.0.2,http://pro-idealista-sys826.cloud/webmail-aruba.pro-idealista-sys826.cloud/myMail/e42f1b36395a1c7e809c7103bf517fa6/?28430469,,,ssm.us-east-2.amazonaws.com,['IN'],['AAAA'],0,0,0,ip-10-100-1-26,0,0
2021-05-16T17:43:20Z,10.100.0.2,10.100.1.26,https://idealista-app502.site/webmail-aruba.idealista-app502.site/,,,ssm.us-east-2.amazonaws.com,['IN'],['AAAA'],0,0,0,ip-10-100-1-26,0,0
2021-05-16T17:43:20Z,10.100.1.4,10.100.0.2,https://idealista-app502.site/webmail-aruba.idealista-app502.site/myMail/a65e67fbae93966b5d9a6561ed04d93e/?84567702,,,ssm.us-east-2.amazonaws.com,['IN'],['A'],0,0,0,ip-10-100-1-4,0,0
2021-05-16T17:43:20Z,10.100.1.4,10.100.0.2,https://idealista-app502.site,,,ssm.us-east-2.amazonaws.com,['IN'],['AAAA'],0,0,0,ip-10-100-1-4,0,0
2021-05-16T17:43:20Z,10.100.0.2,10.100.1.4,https://idealista-app502.site/webmail-aruba.idealista-app502.site/myMail/e7df993e95813e5904aa6693e3145d26/?65863454,['52.95.22.56'],['40'],ssm.us-east-2.amazonaws.com,['IN'],['A'],1,0,0,ip-10-100-1-4,0,0
2021-05-16T17:43:20Z,10.100.0.2,10.100.1.4,https://mykasihfoundation.info-terupdate.my.id/,,,ssm.us-east-2.amazonaws.com,['IN'],['AAAA'],0,0,0,ip-10-100-1-4,0,0
2021-05-16T17:43:20Z,10.100.1.4,10.100.0.2,https://viralinajaxyz.web.id/a1/,,,ssm.us-east-2.amazonaws.com,['IN'],['AAAA'],0,0,0,ip-10-100-1-4,0,0
2021-05-16T17:43:20Z,10.100.0.2,10.100.1.4,https://mywallet.x-tab.my.id/,,,ssm.us-east-2.amazonaws.com,['IN'],['AAAA'],0,0,0,ip-10-100-1-4,0,0
2021-05-16T17:53:39Z,74.120.14.31,10.100.1.4,http://bantuantunai-rasmii2024.my.id/app4/,,,213.1.168.192.in-addr.arpa,['IN'],['PTR'],0,0,0,ip-10-100-1-4,1,0
2021-05-16T18:03:13Z,10.100.1.95,10.100.0.2,https://amazonprime.monabonnement-premium.com/login/,,,ssm.us-east-2.amazonaws.com,['IN'],['A'],0,0,0,ip-10-100-1-95,0,0
2021-05-16T18:03:13Z,10.100.1.95,10.100.0.2,https://innianbazhanhuaning.gzbsfwx.com,,,ssm.us-east-2.amazonaws.com,['IN'],['AAAA'],0,0,0,ip-10-100-1-95,0,0
2021-05-16T18:03:13Z,10.100.0.2,10.100.1.95,https://login-advance.net/QT/,['52.95.21.209'],['37'],ssm.us-east-2.amazonaws.com,['IN'],['A'],1,0,0,ip-10-100-1-95,0,0
2021-05-16T18:03:13Z,10.100.0.2,10.100.1.95,https://liajuvenilesjuve.geomedonline.com,,,ssm.us-east-2.amazonaws.com,['IN'],['AAAA'],0,0,0,ip-10-100-1-95,0,0
2021-05-16T18:03:16Z,10.100.1.186,10.100.0.2,https://fanzizhuanxiudeingkuan.sjzxlxb.com,,,ssm.us-east-2.amazonaws.com,['IN'],['A'],0,0,0,ip-10-100-1-186,0,0
2021-05-16T18:03:16Z,10.100.1.186,10.100.0.2,https://nilediabeteslyteh.yunhecw.com,,,ssm.us-east-2.amazonaws.com,['IN'],['AAAA'],0,0,0,ip-10-100-1-186,0,0
2021-05-16T18:03:16Z,10.100.0.2,10.100.1.186,https://juviejuvenocracy.rswcfj.com,['52.95.19.240'],['37'],ssm.us-east-2.amazonaws.com,['IN'],['A'],1,0,0,ip-10-100-1-186,0,0
2021-05-16T18:03:16Z,10.100.0.2,10.100.1.186,https://netfilx-support.members.cablelink.at/net,,,ssm.us-east-2.amazonaws.com,['IN'],['AAAA'],0,0,0,ip-10-100-1-186,0,0
2021-05-16T18:03:17Z,10.100.1.105,10.100.0.2,https://kowaitdelivery.serv00.net/lunar/,,,ssm.us-east-2.amazonaws.com,['IN'],['A'],0,0,0,ip-10-100-1-105,0,0
2021-05-16T18:03:17Z,10.100.1.105,10.100.0.2,https://request-new-update.com/,,,ssm.us-east-2.amazonaws.com,['IN'],['AAAA'],0,0,0,ip-10-100-1-105,0,0
2021-05-16T18:03:17Z,10.100.0.2,10.100.1.105,https://trezor-service-activation.com/,['52.95.19.240'],['15'],ssm.us-east-2.amazonaws.com,['IN'],['A'],1,0,0,ip-10-100-1-105,0,0
2021-05-16T18:03:17Z,10.100.0.2,10.100.1.105,https://emiraticurtain.com/cushion-foam-change-2/,,,ssm.us-east-2.amazonaws.com,['IN'],['AAAA'],0,0,0,ip-10-100-1-105,0,0
2021-05-16T18:03:20Z,10.100.1.26,10.100.0.2,https://emiraticurtain.com/cushi,,,ssm.us-east-2.amazonaws.com,['IN'],['A'],0,0,0,ip-10-100-1-26,0,0
2021-05-16T18:03:20Z,10.100.0.2,10.100.1.26,https://pub-17eb9d78df164bfebaaf991867f9aa76.r2.dev/207db813d2e3ffa9c68f9b458849780c.htm,['52.95.21.209'],['11'],ssm.us-east-2.amazonaws.com,['IN'],['A'],1,0,0,ip-10-100-1-26,0,0
2021-05-16T18:03:20Z,10.100.1.26,10.100.0.2,https://6.235.205.92.host.secureserver.net/,,,ssm.us-east-2.amazonaws.com,['IN'],['AAAA'],0,0,0,ip-10-100-1-26,0,0
2021-05-16T18:03:20Z,10.100.0.2,10.100.1.26,http://www.aqcrmy.com/sdc01.html,,,ssm.us-east-2.amazonaws.com,['IN'],['AAAA'],0,0,0,ip-10-100-1-26,0,0
2021-05-16T18:03:20Z,10.100.1.4,10.100.0.2,https://45.202.35.173/info,,,ssm.us-east-2.amazonaws.com,['IN'],['A'],0,0,0,ip-10-100-1-4,0,0
2021-05-16T18:03:20Z,10.100.0.2,10.100.1.4,https://rechnungsportal.sbs/kunde2637252/rechnung294673929/552518251.html,['52.95.21.209'],['17'],ssm.us-east-2.amazonaws.com,['IN'],['A'],1,0,0,ip-10-100-1-4,0,0
2021-05-16T18:03:20Z,10.100.1.4,10.100.0.2,https://bingkasbantuanprogram2024.shoudrhman.bar/log-masuk.php,,,ssm.us-east-2.amazonaws.com,['IN'],['AAAA'],0,0,0,ip-10-100-1-4,0,0
2021-05-16T18:03:20Z,10.100.0.2,10.100.1.4,https://advert-feedbacksystem-issue.web.app/,,,ssm.us-east-2.amazonaws.com,['IN'],['AAAA'],0,0,0,ip-10-100-1-4,0,0
2021-05-16T18:23:13Z,10.100.1.95,10.100.0.2,https://advert-feedbacksystem-issue.firebaseapp.com/,,,ssm.us-east-2.amazonaws.com,['IN'],['A'],0,0,0,ip-10-100-1-95,0,0
2021-05-16T18:23:13Z,10.100.0.2,10.100.1.95,https://madaniportals.vercel.app/Snd,['52.95.19.240'],['13'],ssm.us-east-2.amazonaws.com,['IN'],['A'],1,0,0,ip-10-100-1-95,0,0
2021-05-16T18:23:13Z,10.100.1.95,10.100.0.2,https://authentification-meaux.web.app/,,,ssm.us-east-2.amazonaws.com,['IN'],['AAAA'],0,0,0,ip-10-100-1-95,0,0
2021-05-16T18:23:14Z,10.100.0.2,10.100.1.95,https://authentification-meaux.firebaseapp.com/,,,ssm.us-east-2.amazonaws.com,['IN'],['AAAA'],0,0,0,ip-10-100-1-95,0,0
2021-05-16T18:23:16Z,10.100.1.186,10.100.0.2,https://blockchaindefiresolve.web.app/,,,ssm.us-east-2.amazonaws.com,['IN'],['A'],0,0,0,ip-10-100-1-186,0,0
2021-05-16T18:23:16Z,10.100.1.186,10.100.0.2,https://blockchaindefiresolve.firebaseapp.com/,,,ssm.us-east-2.amazonaws.com,['IN'],['AAAA'],0,0,0,ip-10-100-1-186,0,0
2021-05-16T18:23:16Z,10.100.0.2,10.100.1.186,https://salmon-oryx-693201.hostingersite.com/bantuan.madani/,['52.95.21.209'],['9'],ssm.us-east-2.amazonaws.com,['IN'],['A'],1,0,0,ip-10-100-1-186,0,0
2021-05-16T18:23:16Z,10.100.0.2,10.100.1.186,https://bountraim.web.app/,,,ssm.us-east-2.amazonaws.com,['IN'],['AAAA'],0,0,0,ip-10-100-1-186,0,0
2021-05-16T18:23:17Z,10.100.1.105,10.100.0.2,https://bountraim.firebaseapp.com/,,,ssm.us-east-2.amazonaws.com,['IN'],['A'],0,0,0,ip-10-100-1-105,0,0
2021-05-16T18:23:17Z,10.100.1.105,10.100.0.2,https://cancaquiaj47pago8.web.app/,,,ssm.us-east-2.amazonaws.com,['IN'],['AAAA'],0,0,0,ip-10-100-1-105,0,0
2021-05-16T18:23:17Z,10.100.0.2,10.100.1.105,https://cancaquiaj47pago8.firebaseapp.com/,['52.95.19.240'],['9'],ssm.us-east-2.amazonaws.com,['IN'],['A'],1,0,0,ip-10-100-1-105,0,0
2021-05-16T18:23:17Z,10.100.0.2,10.100.1.105,https://cancelacomprmna6gf23.web.app/,,,ssm.us-east-2.amazonaws.com,['IN'],['AAAA'],0,0,0,ip-10-100-1-105,0,0
2021-05-16T18:23:20Z,10.100.1.26,10.100.0.2,https://cancelaquidh367g67fs.web.app/,,,ssm.us-east-2.amazonaws.com,['IN'],['A'],0,0,0,ip-10-100-1-26,0,0
2021-05-16T18:23:20Z,10.100.0.2,10.100.1.26,https://cancelaquidh367g67fs.firebaseapp.com/,['52.95.21.209'],['34'],ssm.us-east-2.amazonaws.com,['IN'],['A'],1,0,0,ip-10-100-1-26,0,0
2021-05-16T18:23:20Z,10.100.1.26,10.100.0.2,https://cancelaquioaiojf734.web.app/,,,ssm.us-east-2.amazonaws.com,['IN'],['AAAA'],0,0,0,ip-10-100-1-26,0,0
2021-05-16T18:23:20Z,10.100.0.2,10.100.1.26,https://cancelaquioaiojf734.firebaseapp.com/,,,ssm.us-east-2.amazonaws.com,['IN'],['AAAA'],0,0,0,ip-10-100-1-26,0,0
2021-05-16T18:23:20Z,10.100.1.4,10.100.0.2,https://cancelaquioandi3523.web.app/,,,ssm.us-east-2.amazonaws.com,['IN'],['A'],0,0,0,ip-10-100-1-4,0,0
2021-05-16T18:23:20Z,10.100.1.4,10.100.0.2,https://cancelaquioandi3523.firebaseapp.com/,,,ssm.us-east-2.amazonaws.com,['IN'],['AAAA'],0,0,0,ip-10-100-1-4,0,0
2021-05-16T18:23:20Z,10.100.0.2,10.100.1.4,https://clickfreecoins-dogecoin.web.app/,['52.95.22.56'],['36'],ssm.us-east-2.amazonaws.com,['IN'],['A'],1,0,0,ip-10-100-1-4,0,0
2021-05-16T18:23:20Z,10.100.0.2,10.100.1.4,https://clickfreecoins-dogecoin.firebaseapp.com/,,,ssm.us-east-2.amazonaws.com,['IN'],['AAAA'],0,0,0,ip-10-100-1-4,0,0
2021-05-16T18:37:51Z,209.17.97.122,10.100.1.186,https://clickfreecoins-tether.web.app/,,,version.bind,['CH'],['TXT'],0,0,0,ip-10-100-1-186,1,0
2021-05-16T18:43:13Z,10.100.1.95,10.100.0.2,https://clickfreecoins-tether.firebaseapp.com/,,,ssm.us-east-2.amazonaws.com,['IN'],['A'],0,0,0,ip-10-100-1-95,0,0
2021-05-16T18:43:13Z,10.100.1.95,10.100.0.2,https://cloud-ed980.web.app/,,,ssm.us-east-2.amazonaws.com,['IN'],['AAAA'],0,0,0,ip-10-100-1-95,0,0
2021-05-16T18:43:13Z,10.100.0.2,10.100.1.95,https://cloud-ed980.firebaseapp.com/,['52.95.19.240'],['0'],ssm.us-east-2.amazonaws.com,['IN'],['A'],1,0,0,ip-10-100-1-95,0,0
2021-05-16T18:43:14Z,10.100.0.2,10.100.1.95,https://el-bosque-ad026.web.app/,,,ssm.us-east-2.amazonaws.com,['IN'],['AAAA'],0,0,0,ip-10-100-1-95,0,0
2021-05-16T18:43:16Z,10.100.1.186,10.100.0.2,https://el-bosque-ad026.firebaseapp.com/,,,ssm.us-east-2.amazonaws.com,['IN'],['A'],0,0,0,ip-10-100-1-186,0,0
2021-05-16T18:43:16Z,10.100.1.186,10.100.0.2,https://vpas-tonmz.com,,,ssm.us-east-2.amazonaws.com,['IN'],['AAAA'],0,0,0,ip-10-100-1-186,0,0
2021-05-16T18:43:16Z,10.100.0.2,10.100.1.186,https://eqsw-72c1c.web.app/,['52.95.19.240'],['5'],ssm.us-east-2.amazonaws.com,['IN'],['A'],1,0,0,ip-10-100-1-186,0,0
2021-05-16T18:43:16Z,10.100.0.2,10.100.1.186,https://eqsw-72c1c.firebaseapp.com/,,,ssm.us-east-2.amazonaws.com,['IN'],['AAAA'],0,0,0,ip-10-100-1-186,0,0
2021-05-16T18:43:17Z,10.100.1.105,10.100.0.2,https://eqsw-72c2c.web.app/,,,ssm.us-east-2.amazonaws.com,['IN'],['A'],0,0,0,ip-10-100-1-105,0,0
2021-05-16T18:43:17Z,10.100.1.105,10.100.0.2,https://eqsw-72c2c.firebaseapp.com/,,,ssm.us-east-2.amazonaws.com,['IN'],['AAAA'],0,0,0,ip-10-100-1-105,0,0
2021-05-16T18:43:17Z,10.100.0.2,10.100.1.105,https://eqsw-72c3c.web.app/,['52.95.21.209'],['33'],ssm.us-east-2.amazonaws.com,['IN'],['A'],1,0,0,ip-10-100-1-105,0,0
2021-05-16T18:43:17Z,10.100.0.2,10.100.1.105,https://eqsw-72c3c.firebaseapp.com/,,,ssm.us-east-2.amazonaws.com,['IN'],['AAAA'],0,0,0,ip-10-100-1-105,0,0
2021-05-16T18:43:20Z,10.100.1.26,10.100.0.2,https://eqsw-72c4c.web.app/,,,ssm.us-east-2.amazonaws.com,['IN'],['A'],0,0,0,ip-10-100-1-26,0,0
2021-05-16T18:43:20Z,10.100.0.2,10.100.1.26,https://eqsw-72c4c.firebaseapp.com/,['52.95.21.209'],['36'],ssm.us-east-2.amazonaws.com,['IN'],['A'],1,0,0,ip-10-100-1-26,0,0
2021-05-16T18:43:20Z,10.100.1.26,10.100.0.2,https://eqsw-72c5c.web.app/,,,ssm.us-east-2.amazonaws.com,['IN'],['AAAA'],0,0,0,ip-10-100-1-26,0,0
2021-05-16T18:43:20Z,10.100.0.2,10.100.1.26,https://eqsw-72c5c.firebaseapp.com/,,,ssm.us-east-2.amazonaws.com,['IN'],['AAAA'],0,0,0,ip-10-100-1-26,0,0
2021-05-16T18:43:20Z,10.100.1.4,10.100.0.2,https://eqsw-72c6c.web.app/,,,ssm.us-east-2.amazonaws.com,['IN'],['A'],0,0,0,ip-10-100-1-4,0,0
2021-05-16T18:43:20Z,10.100.1.4,10.100.0.2,https://eqsw-72c6c.firebaseapp.com/,,,ssm.us-east-2.amazonaws.com,['IN'],['AAAA'],0,0,0,ip-10-100-1-4,0,0
2021-05-16T18:43:20Z,10.100.0.2,10.100.1.4,https://eqsw-72c8c.web.app/,['52.95.22.56'],['7'],ssm.us-east-2.amazonaws.com,['IN'],['A'],1,0,0,ip-10-100-1-4,0,0
2021-05-16T18:43:20Z,10.100.0.2,10.100.1.4,https://eqsw-72c8c.firebaseapp.com/,,,ssm.us-east-2.amazonaws.com,['IN'],['AAAA'],0,0,0,ip-10-100-1-4,0,0
2021-05-16T19:09:16Z,209.17.96.42,10.100.1.26,https://eqsw-72c9c.web.app/,,,version.bind,['CH'],['TXT'],0,0,0,ip-10-100-1-26,1,0
2021-05-16T19:11:16Z,209.17.97.58,10.100.1.4,https://eqsw-72c9c.firebaseapp.com/,,,version.bind,['CH'],['TXT'],0,0,0,ip-10-100-1-4,1,0
2021-05-16T19:23:13Z,10.100.1.95,10.100.0.2,https://eqsw-72c10c.web.app/,,,ssm.us-east-2.amazonaws.com,['IN'],['A'],0,0,0,ip-10-100-1-95,0,0
2021-05-16T19:23:14Z,10.100.1.95,10.100.0.2,https://eqsw-72c10c.firebaseapp.com/,,,ssm.us-east-2.amazonaws.com,['IN'],['AAAA'],0,0,0,ip-10-100-1-95,0,0
2021-05-16T19:23:14Z,10.100.0.2,10.100.1.95,https://f19dec7.web.app/,['52.95.22.56'],['60'],ssm.us-east-2.amazonaws.com,['IN'],['A'],1,0,0,ip-10-100-1-95,0,0
2021-05-16T19:23:14Z,10.100.0.2,10.100.1.95,https://f19dec7.firebaseapp.com/,,,ssm.us-east-2.amazonaws.com,['IN'],['AAAA'],0,0,0,ip-10-100-1-95,0,0
2021-05-16T19:23:16Z,10.100.1.186,10.100.0.2,https://feedback-client-issue.web.app/,,,ssm.us-east-2.amazonaws.com,['IN'],['A'],0,0,0,ip-10-100-1-186,0,0
2021-05-16T19:23:16Z,10.100.1.186,10.100.0.2,https://feedback-client-issue.firebaseapp.com/,,,ssm.us-east-2.amazonaws.com,['IN'],['AAAA'],0,0,0,ip-10-100-1-186,0,0
2021-05-16T19:23:16Z,10.100.0.2,10.100.1.186,https://israelpost-services.web.app/,['52.95.21.209'],['29'],ssm.us-east-2.amazonaws.com,['IN'],['A'],1,0,0,ip-10-100-1-186,0,0
2021-05-16T19:23:16Z,10.100.0.2,10.100.1.186,https://israelpost-services.firebaseapp.com/,,,ssm.us-east-2.amazonaws.com,['IN'],['AAAA'],0,0,0,ip-10-100-1-186,0,0
2021-05-16T19:23:17Z,10.100.1.105,10.100.0.2,https://lusheart.web.app/,,,ssm.us-east-2.amazonaws.com,['IN'],['A'],0,0,0,ip-10-100-1-105,0,0
2021-05-16T19:23:17Z,10.100.0.2,10.100.1.105,https://lusheart.firebaseapp.com/,['52.95.19.240'],['13'],ssm.us-east-2.amazonaws.com,['IN'],['A'],1,0,0,ip-10-100-1-105,0,0
2021-05-16T19:23:17Z,10.100.1.105,10.100.0.2,https://marketx-ba8d2.web.app/,,,ssm.us-east-2.amazonaws.com,['IN'],['AAAA'],0,0,0,ip-10-100-1-105,0,0
2021-05-16T19:23:17Z,10.100.0.2,10.100.1.105,https://marketx-ba8d2.firebaseapp.com/,,,ssm.us-east-2.amazonaws.com,['IN'],['AAAA'],0,0,0,ip-10-100-1-105,0,0
2021-05-16T19:23:20Z,10.100.1.26,10.100.0.2,https://marketx-ca476.web.app/,,,ssm.us-east-2.amazonaws.com,['IN'],['A'],0,0,0,ip-10-100-1-26,0,0
2021-05-16T19:23:20Z,10.100.1.26,10.100.0.2,https://marketx-ca476.firebaseapp.com/,,,ssm.us-east-2.amazonaws.com,['IN'],['AAAA'],0,0,0,ip-10-100-1-26,0,0
2021-05-16T19:23:20Z,10.100.0.2,10.100.1.26,https://matter-activity-kr-feedback.web.app/,['52.95.22.56'],['29'],ssm.us-east-2.amazonaws.com,['IN'],['A'],1,0,0,ip-10-100-1-26,0,0
2021-05-16T19:23:20Z,10.100.0.2,10.100.1.26,https://matter-activity-kr-feedback.firebaseapp.com/,,,ssm.us-east-2.amazonaws.com,['IN'],['AAAA'],0,0,0,ip-10-100-1-26,0,0
2021-05-16T19:23:20Z,10.100.1.4,10.100.0.2,https://meeting-bonus.firebaseapp.com/,,,ssm.us-east-2.amazonaws.com,['IN'],['A'],0,0,0,ip-10-100-1-4,0,0
2021-05-16T19:23:20Z,10.100.1.4,10.100.0.2,https://multisolvedapp.web.app/,,,ssm.us-east-2.amazonaws.com,['IN'],['AAAA'],0,0,0,ip-10-100-1-4,0,0
2021-05-16T19:23:20Z,10.100.0.2,10.100.1.4,https://multisolvedapp.firebaseapp.com/,['52.95.21.209'],['21'],ssm.us-east-2.amazonaws.com,['IN'],['A'],1,0,0,ip-10-100-1-4,0,0
2021-05-16T19:23:20Z,10.100.0.2,10.100.1.4,https://pamevanue.web.app/,,,ssm.us-east-2.amazonaws.com,['IN'],['AAAA'],0,0,0,ip-10-100-1-4,0,0
2021-05-16T19:43:45Z,185.232.64.121,10.100.1.186,https://pamevanue.firebaseapp.com/,,,cpsc.gov,['IN'],['Unknown'],0,0,0,ip-10-100-1-186,1,0
2021-05-16T20:03:13Z,10.100.1.95,10.100.0.2,https://requestreview-kr-info.web.app/,,,ssm.us-east-2.amazonaws.com,['IN'],['A'],0,0,0,ip-10-100-1-95,0,0
2021-05-16T20:03:13Z,10.100.1.95,10.100.0.2,https://requestreview-kr-info.firebaseapp.com/,,,ssm.us-east-2.amazonaws.com,['IN'],['AAAA'],0,0,0,ip-10-100-1-95,0,0
2021-05-16T20:03:14Z,10.100.0.2,10.100.1.95,https://salumhanic.web.app/,['52.95.21.209'],['43'],ssm.us-east-2.amazonaws.com,['IN'],['A'],1,0,0,ip-10-100-1-95,0,0
2021-05-16T20:03:14Z,10.100.0.2,10.100.1.95,https://salumhanic.firebaseapp.com/,,,ssm.us-east-2.amazonaws.com,['IN'],['AAAA'],0,0,0,ip-10-100-1-95,0,0
2021-05-16T20:03:16Z,10.100.1.186,10.100.0.2,https://smartprowallet.web.app/,,,ssm.us-east-2.amazonaws.com,['IN'],['A'],0,0,0,ip-10-100-1-186,0,0
2021-05-16T20:03:16Z,10.100.0.2,10.100.1.186,https://smartprowallet.firebaseapp.com/,['52.95.22.56'],['46'],ssm.us-east-2.amazonaws.com,['IN'],['A'],1,0,0,ip-10-100-1-186,0,0
2021-05-16T20:03:16Z,10.100.1.186,10.100.0.2,https://thaisector-appealformlogin.web.app/,,,ssm.us-east-2.amazonaws.com,['IN'],['AAAA'],0,0,0,ip-10-100-1-186,0,0
2021-05-16T20:03:16Z,10.100.0.2,10.100.1.186,https://thaisector-appealformlogin.firebaseapp.com/,,,ssm.us-east-2.amazonaws.com,['IN'],['AAAA'],0,0,0,ip-10-100-1-186,0,0
2021-05-16T20:03:17Z,10.100.1.105,10.100.0.2,https://web-16fe.app/,,,ssm.us-east-2.amazonaws.com,['IN'],['A'],0,0,0,ip-10-100-1-105,0,0
2021-05-16T20:03:17Z,10.100.1.105,10.100.0.2,https://bnpparibasfortis.easybanweb.online/login/,,,ssm.us-east-2.amazonaws.com,['IN'],['AAAA'],0,0,0,ip-10-100-1-105,0,0
2021-05-16T20:03:17Z,10.100.0.2,10.100.1.105,https://upsdelivery-checkout.com/,['52.95.19.240'],['37'],ssm.us-east-2.amazonaws.com,['IN'],['A'],1,0,0,ip-10-100-1-105,0,0
2021-05-16T20:03:17Z,10.100.0.2,10.100.1.105,https://binance.support093.com/,,,ssm.us-east-2.amazonaws.com,['IN'],['AAAA'],0,0,0,ip-10-100-1-105,0,0
2021-05-16T20:03:20Z,10.100.1.26,10.100.0.2,https://zigizagaxixacica.zapto.org/H5xEmBRz8tku3PgSZFvvvjnDqSx6IdNMlskkUKsMPG3IoyplV_EmBNwAK497OG5RoOO9V-iJkxX5nb8/ionos.com/ionos.html#redacted@abuse.ionos.com,,,ssm.us-east-2.amazonaws.com,['IN'],['A'],0,0,0,ip-10-100-1-26,0,0
2021-05-16T20:03:20Z,10.100.0.2,10.100.1.26,https://allegrolokalnie.pl-oferta76256.top/,['52.95.21.209'],['23'],ssm.us-east-2.amazonaws.com,['IN'],['A'],1,0,0,ip-10-100-1-26,0,0
2021-05-16T20:03:20Z,10.100.1.26,10.100.0.2,http://lucian-veres.systeme.io/proxy/request/38346738cab8feca1e72175a8a82564bb64f3,,,ssm.us-east-2.amazonaws.com,['IN'],['AAAA'],0,0,0,ip-10-100-1-26,0,0
2021-05-16T20:03:20Z,10.100.0.2,10.100.1.26,https://lucian-veres.systeme.io/proxy/request/38346738cab8feca1e72175a8a82564bb64f3,,,ssm.us-east-2.amazonaws.com,['IN'],['AAAA'],0,0,0,ip-10-100-1-26,0,0
2021-05-16T20:03:20Z,10.100.1.4,10.100.0.2,https://fixing-dgj.pages.dev/dev/,,,ssm.us-east-2.amazonaws.com,['IN'],['A'],0,0,0,ip-10-100-1-4,0,0
2021-05-16T20:03:20Z,10.100.0.2,10.100.1.4,https://webs99-bantuantunairasmii2024.biz.id/app1/,['52.95.19.240'],['26'],ssm.us-east-2.amazonaws.com,['IN'],['A'],1,0,0,ip-10-100-1-4,0,0
2021-05-16T20:03:20Z,10.100.1.4,10.100.0.2,https://dbs.mastervip.com.tw/,,,ssm.us-east-2.amazonaws.com,['IN'],['AAAA'],0,0,0,ip-10-100-1-4,0,0
2021-05-16T20:03:20Z,10.100.0.2,10.100.1.4,http://viaverde-portugal.com/,,,ssm.us-east-2.amazonaws.com,['IN'],['AAAA'],0,0,0,ip-10-100-1-4,0,0
2021-05-16T20:19:54Z,192.35.168.27,10.100.1.26,https://apple.coxzyle.com‚àïqjptooqh‚àïcsnmu‚àïrcoozcacte@nddmukby.ùïúùï§ùï†ùï™ùï®.cn/caonima=zqahtozrsh.co.jp/,,,c.afekv.com,['IN'],['A'],0,0,0,ip-10-100-1-26,1,0
2021-05-16T20:43:14Z,10.100.1.95,10.100.0.2,https://apple.cobvdblcztr.com‚àïkkluvhrw‚àïvpdkqlo‚àïurmorcj@finzesf.ùïúùï§ùï†ùï™ùï®.cn/caonima=bozci.co.jp/,,,ssm.us-east-2.amazonaws.com,['IN'],['A'],0,0,0,ip-10-100-1-95,0,0
2021-05-16T20:43:14Z,10.100.0.2,10.100.1.95,https://americanexpressvfemklm.com‚àïeqnsmp‚àïdscxgjkpvr‚àïsugaur@olosuxfp.ùïòùï™ùïùùïûùï®.cn/caonima=jfjqxgriv.co.jp/,['52.95.22.56'],['59'],ssm.us-east-2.amazonaws.com,['IN'],['A'],1,0,0,ip-10-100-1-95,0,0
2021-05-16T20:43:14Z,10.100.1.95,10.100.0.2,https://americanexpressfkhsvtgbiw.com‚àïdkeaogdvdt‚àïjtxynfaq‚àïhqjtarn@ctkdouepns.ùïòùï™ùïùùïûùï®.cn/caonima=hbtcdpbov.co.jp/,,,ssm.us-east-2.amazonaws.com,['IN'],['AAAA'],0,0,0,ip-10-100-1-95,0,0
2021-05-16T20:43:14Z,10.100.0.2,10.100.1.95,https://apple.covhwkm.com‚àïjvldkk‚àïjsihuj‚àïfieloayvcn@xldqxwdmew.ùïúùï§ùï†ùï™ùï®.cn/caonima=ymjxvsdzou.co.jp/,,,ssm.us-east-2.amazonaws.com,['IN'],['AAAA'],0,0,0,ip-10-100-1-95,0,0
2021-05-16T20:43:16Z,10.100.1.186,10.100.0.2,https://boisenobeinsigy.vizvaz.com/eqweqweqwWREQWEQ45345/,,,ssm.us-east-2.amazonaws.com,['IN'],['A'],0,0,0,ip-10-100-1-186,0,0
2021-05-16T20:43:16Z,10.100.0.2,10.100.1.186,https://4-72-com-cos.top/,['52.95.19.240'],['48'],ssm.us-east-2.amazonaws.com,['IN'],['A'],1,0,0,ip-10-100-1-186,0,0
2021-05-16T20:43:16Z,10.100.1.186,10.100.0.2,https://4-72-oc-a.top/,,,ssm.us-east-2.amazonaws.com,['IN'],['AAAA'],0,0,0,ip-10-100-1-186,0,0
2021-05-16T20:43:16Z,10.100.0.2,10.100.1.186,https://4-72-oc-p.top/,,,ssm.us-east-2.amazonaws.com,['IN'],['AAAA'],0,0,0,ip-10-100-1-186,0,0
2021-05-16T20:43:17Z,10.100.1.105,10.100.0.2,https://adnimioa.top/,,,ssm.us-east-2.amazonaws.com,['IN'],['A'],0,0,0,ip-10-100-1-105,0,0
2021-05-16T20:43:17Z,10.100.0.2,10.100.1.105,https://adnimiob.top/,['52.95.19.240'],['7'],ssm.us-east-2.amazonaws.com,['IN'],['A'],1,0,0,ip-10-100-1-105,0,0
2021-05-16T20:43:17Z,10.100.1.105,10.100.0.2,https://adnimioc.top/,,,ssm.us-east-2.amazonaws.com,['IN'],['AAAA'],0,0,0,ip-10-100-1-105,0,0
2021-05-16T20:43:17Z,10.100.0.2,10.100.1.105,https://adnimiod.top/,,,ssm.us-east-2.amazonaws.com,['IN'],['AAAA'],0,0,0,ip-10-100-1-105,0,0
2021-05-16T20:43:20Z,10.100.1.26,10.100.0.2,https://adnimioe.top/,,,ssm.us-east-2.amazonaws.com,['IN'],['A'],0,0,0,ip-10-100-1-26,0,0
2021-05-16T20:43:20Z,10.100.0.2,10.100.1.26,https://adnimiof.top/,['52.95.19.240'],['32'],ssm.us-east-2.amazonaws.com,['IN'],['A'],1,0,0,ip-10-100-1-26,0,0
2021-05-16T20:43:20Z,10.100.1.26,10.100.0.2,https://aramexaea.top/,,,ssm.us-east-2.amazonaws.com,['IN'],['AAAA'],0,0,0,ip-10-100-1-26,0,0
2021-05-16T20:43:20Z,10.100.0.2,10.100.1.26,https://aramexaed.top/,,,ssm.us-east-2.amazonaws.com,['IN'],['AAAA'],0,0,0,ip-10-100-1-26,0,0
2021-05-16T20:43:20Z,10.100.1.4,10.100.0.2,https://aramexaef.top/,,,ssm.us-east-2.amazonaws.com,['IN'],['A'],0,0,0,ip-10-100-1-4,0,0
2021-05-16T20:43:20Z,10.100.0.2,10.100.1.4,https://aramexaeg.top/,['52.95.22.56'],['19'],ssm.us-east-2.amazonaws.com,['IN'],['A'],1,0,0,ip-10-100-1-4,0,0
2021-05-16T20:43:20Z,10.100.1.4,10.100.0.2,https://aramexaeh.top/,,,ssm.us-east-2.amazonaws.com,['IN'],['AAAA'],0,0,0,ip-10-100-1-4,0,0
2021-05-16T20:43:20Z,10.100.0.2,10.100.1.4,https://aramexaes.top/,,,ssm.us-east-2.amazonaws.com,['IN'],['AAAA'],0,0,0,ip-10-100-1-4,0,0
2021-05-16T21:01:55Z,10.100.1.95,10.100.0.2,https://chiclane.xyz/,,,motd.ubuntu.com,['IN'],['A'],0,0,0,ip-10-100-1-95,0,0
2021-05-16T21:01:55Z,10.100.1.95,10.100.0.2,https://chronopost.ink/,,,motd.ubuntu.com,['IN'],['AAAA'],0,0,0,ip-10-100-1-95,0,0
2021-05-16T21:01:55Z,10.100.0.2,10.100.1.95,https://com-tracksnx.top/,"['54.171.230.55', '34.249.145.219']","['49', '49']",motd.ubuntu.com,['IN'],['A'],2,0,0,ip-10-100-1-95,0,0
2021-05-16T21:01:55Z,10.100.0.2,10.100.1.95,https://com-tracksvl.top/,"['2a05:d018:91c:3200:2846:99fb:81b6:1e11', '2a05:d018:91c:3200:c887:2f22:290f:a7c']","['221', '221']",motd.ubuntu.com,['IN'],['AAAA'],2,0,0,ip-10-100-1-95,0,0
2021-05-16T21:02:51Z,10.100.1.4,10.100.0.2,https://correos-gol.top/,,,motd.ubuntu.com,['IN'],['A'],0,0,0,ip-10-100-1-4,0,0
2021-05-16T21:02:51Z,10.100.0.2,10.100.1.4,https://egyptpost-n0852.top/,"['54.171.230.55', '34.249.145.219']","['300', '300']",motd.ubuntu.com,['IN'],['A'],2,0,0,ip-10-100-1-4,0,0
2021-05-16T21:02:51Z,10.100.1.4,10.100.0.2,https://emaghu.top/,,,motd.ubuntu.com,['IN'],['AAAA'],0,0,0,ip-10-100-1-4,0,0
2021-05-16T21:02:51Z,10.100.0.2,10.100.1.4,https://emaghuz.top/,"['2a05:d018:91c:3200:2846:99fb:81b6:1e11', '2a05:d018:91c:3200:c887:2f22:290f:a7c']","['210', '210']",motd.ubuntu.com,['IN'],['AAAA'],2,0,0,ip-10-100-1-4,0,0
2021-05-16T21:08:29Z,10.100.1.105,10.100.0.2,https://ep-pk.link/,,,pool.hashvault.pro,['IN'],['A'],0,0,0,ip-10-100-1-105,1,1
2021-05-16T21:08:29Z,10.100.1.105,10.100.0.2,https://estafetama.cc/,,,pool.hashvault.pro,['IN'],['AAAA'],0,0,0,ip-10-100-1-105,1,1
2021-05-16T21:08:29Z,10.100.0.2,10.100.1.105,https://estafetatg.cc/,,,pool.hashvault.pro,['IN'],['AAAA'],0,0,0,ip-10-100-1-105,1,1
2021-05-16T21:08:29Z,10.100.0.2,10.100.1.105,https://estafetay.shop/,"['131.153.142.106', '131.153.56.98']","['300', '300']",pool.hashvault.pro,['IN'],['A'],2,0,0,ip-10-100-1-105,1,1
2021-05-16T21:16:34Z,129.250.206.86,10.100.1.95,https://estafetldc.top/,,,4ac7e50e.openresolverproject.org,['IN'],['A'],0,0,0,ip-10-100-1-95,1,0
2021-05-16T21:38:54Z,10.100.1.95,10.100.0.2,https://estafetldc.xyz/,,,_http._tcp.security.ubuntu.com,['IN'],['SRV'],0,0,0,ip-10-100-1-95,0,0
2021-05-16T21:38:54Z,10.100.0.2,10.100.1.95,https://estafetn.xyz/,,,_http._tcp.security.ubuntu.com,['IN'],['SRV'],0,3,0,ip-10-100-1-95,0,0
2021-05-16T21:38:54Z,10.100.1.95,10.100.0.2,https://estafetuc.top/,,,_http._tcp.security.ubuntu.com,['IN'],['SRV'],0,0,0,ip-10-100-1-95,0,0
2021-05-16T21:38:54Z,10.100.0.2,10.100.1.95,https://estafetuc.xyz/,,,_http._tcp.security.ubuntu.com,['IN'],['SRV'],0,3,0,ip-10-100-1-95,0,0
2021-05-16T21:38:54Z,10.100.1.95,10.100.0.2,https://evri.com.u61.xyz/,,,_https._tcp.download.docker.com,['IN'],['SRV'],0,0,0,ip-10-100-1-95,1,0
2021-05-16T21:38:54Z,10.100.0.2,10.100.1.95,https://fe-dex.net/,,,_https._tcp.download.docker.com,['IN'],['SRV'],0,3,0,ip-10-100-1-95,1,0
2021-05-16T21:38:54Z,10.100.1.95,10.100.0.2,https://fe-dexus.info/,,,_https._tcp.download.docker.com,['IN'],['SRV'],0,0,0,ip-10-100-1-95,1,0
2021-05-16T21:38:54Z,10.100.0.2,10.100.1.95,https://fedexinc.vip/,,,_https._tcp.download.docker.com,['IN'],['SRV'],0,3,0,ip-10-100-1-95,1,0
2021-05-16T21:38:54Z,10.100.1.95,10.100.0.2,https://forum.baklava.space/,,,download.docker.com,['IN'],['A'],0,0,0,ip-10-100-1-95,1,0
2021-05-16T21:38:54Z,10.100.0.2,10.100.1.95,https://glamify.top/,"['99.86.61.59', '99.86.61.79', '99.86.61.24', '99.86.61.58']","['267', '45', '45', '45', '45']",download.docker.com,['IN'],['A'],5,0,0,ip-10-100-1-95,1,0
2021-05-16T21:38:54Z,10.100.1.95,10.100.0.2,https://glitzify.fun/,,,security.ubuntu.com,['IN'],['A'],0,0,0,ip-10-100-1-95,0,0
2021-05-16T21:38:54Z,10.100.0.2,10.100.1.95,https://happly-c.cfd/,"['91.189.91.39', '91.189.91.38']","['14', '14']",security.ubuntu.com,['IN'],['A'],2,0,0,ip-10-100-1-95,0,0
2021-05-16T21:38:54Z,10.100.1.95,10.100.0.2,https://happly-e.cfd/,,,d2h67oheeuigaw.cloudfront.net,['IN'],['AAAA'],0,0,0,ip-10-100-1-95,1,0
2021-05-16T21:38:54Z,10.100.0.2,10.100.1.95,https://happly-w.cfd/,"['2600:9000:2132:9c00:3:db06:4200:93a1', '2600:9000:2132:a000:3:db06:4200:93a1', '2600:9000:2132:e800:3:db06:4200:93a1', '2600:9000:2132:f800:3:db06:4200:93a1', '2600:9000:2132:1000:3:db06:4200:93a1', '2600:9000:2132:1600:3:db06:4200:93a1', '2600:9000:2132:6200:3:db06:4200:93a1', '2600:9000:2132:6800:3:db06:4200:93a1']","['27', '27', '27', '27', '27', '27', '27', '27']",d2h67oheeuigaw.cloudfront.net,['IN'],['AAAA'],8,0,0,ip-10-100-1-95,1,0
2021-05-16T21:38:54Z,10.100.1.95,10.100.0.2,https://happlycqf.cfd/,,,security.ubuntu.com,['IN'],['AAAA'],0,0,0,ip-10-100-1-95,0,0
2021-05-16T21:38:54Z,10.100.0.2,10.100.1.95,https://happlycx.cfd/,"['2001:67c:1562::18', '2001:67c:1562::15']","['37', '37']",security.ubuntu.com,['IN'],['AAAA'],2,0,0,ip-10-100-1-95,0,0
2021-05-16T21:38:54Z,10.100.1.95,10.100.0.2,https://help-vck.top/,,,_http._tcp.us-east-2.ec2.archive.ubuntu.com,['IN'],['SRV'],0,0,0,ip-10-100-1-95,0,0
2021-05-16T21:38:54Z,10.100.0.2,10.100.1.95,https://help-vct.top/,,,_http._tcp.us-east-2.ec2.archive.ubuntu.com,['IN'],['SRV'],0,3,0,ip-10-100-1-95,0,0
2021-05-16T21:38:54Z,10.100.1.95,10.100.0.2,https://help-vcw.top/,,,_http._tcp.us-east-2.ec2.archive.ubuntu.com,['IN'],['SRV'],0,0,0,ip-10-100-1-95,0,0
2021-05-16T21:38:54Z,10.100.0.2,10.100.1.95,https://help-vcy.top/,,,_http._tcp.us-east-2.ec2.archive.ubuntu.com,['IN'],['SRV'],0,3,0,ip-10-100-1-95,0,0
2021-05-16T21:38:54Z,10.100.1.95,10.100.0.2,https://help-vcz.top/,,,us-east-2.ec2.archive.ubuntu.com,['IN'],['A'],0,0,0,ip-10-100-1-95,0,0
2021-05-16T21:38:54Z,10.100.0.2,10.100.1.95,https://infogcuiq.top/,"['52.15.159.198', '52.15.102.108', '52.15.106.142', '52.15.107.13', '52.15.155.232', '52.15.158.54']","['16', '16', '16', '16', '16', '16']",us-east-2.ec2.archive.ubuntu.com,['IN'],['A'],6,0,0,ip-10-100-1-95,0,0
2021-05-16T21:38:54Z,10.100.1.95,10.100.0.2,https://inpos-doa.top/,,,us-east-2.ec2.archive.ubuntu.com,['IN'],['AAAA'],0,0,0,ip-10-100-1-95,0,0
2021-05-16T21:38:54Z,10.100.0.2,10.100.1.95,https://inpos-dob.top/,,,us-east-2.ec2.archive.ubuntu.com,['IN'],['AAAA'],0,0,0,ip-10-100-1-95,0,0
2021-05-16T21:43:14Z,10.100.1.95,10.100.0.2,https://inposdomaa.top/,,,ssm.us-east-2.amazonaws.com,['IN'],['A'],0,0,0,ip-10-100-1-95,0,0
2021-05-16T21:43:14Z,10.100.1.95,10.100.0.2,https://inposdomaae.top/,,,ssm.us-east-2.amazonaws.com,['IN'],['AAAA'],0,0,0,ip-10-100-1-95,0,0
2021-05-16T21:43:14Z,10.100.0.2,10.100.1.95,https://inposdomaaq.top/,['52.95.21.209'],['46'],ssm.us-east-2.amazonaws.com,['IN'],['A'],1,0,0,ip-10-100-1-95,0,0
2021-05-16T21:43:14Z,10.100.0.2,10.100.1.95,https://inposdomaar.top/,,,ssm.us-east-2.amazonaws.com,['IN'],['AAAA'],0,0,0,ip-10-100-1-95,0,0
2021-05-16T21:43:17Z,10.100.1.186,10.100.0.2,https://inposdomaat.top/,,,ssm.us-east-2.amazonaws.com,['IN'],['A'],0,0,0,ip-10-100-1-186,0,0
2021-05-16T21:43:17Z,10.100.1.186,10.100.0.2,https://inposdomaaw.top/,,,ssm.us-east-2.amazonaws.com,['IN'],['AAAA'],0,0,0,ip-10-100-1-186,0,0
2021-05-16T21:43:17Z,10.100.0.2,10.100.1.186,https://inposdomas.top/,['52.95.21.209'],['36'],ssm.us-east-2.amazonaws.com,['IN'],['A'],1,0,0,ip-10-100-1-186,0,0
2021-05-16T21:43:17Z,10.100.0.2,10.100.1.186,https://jtmyexpre.help/,,,ssm.us-east-2.amazonaws.com,['IN'],['AAAA'],0,0,0,ip-10-100-1-186,0,0
2021-05-16T21:43:17Z,10.100.1.105,10.100.0.2,https://jtmyexpre.info/,,,ssm.us-east-2.amazonaws.com,['IN'],['A'],0,0,0,ip-10-100-1-105,0,0
2021-05-16T21:43:17Z,10.100.1.105,10.100.0.2,https://kimshealthorg.info/,,,ssm.us-east-2.amazonaws.com,['IN'],['AAAA'],0,0,0,ip-10-100-1-105,0,0
2021-05-16T21:43:17Z,10.100.0.2,10.100.1.105,https://kimshealthorg.xyz/,['52.95.19.240'],['20'],ssm.us-east-2.amazonaws.com,['IN'],['A'],1,0,0,ip-10-100-1-105,0,0
2021-05-16T21:43:17Z,10.100.0.2,10.100.1.105,https://luxeaven.xyz/,,,ssm.us-east-2.amazonaws.com,['IN'],['AAAA'],0,0,0,ip-10-100-1-105,0,0
2021-05-16T21:43:20Z,10.100.1.26,10.100.0.2,https://mincvxa.top/,,,ssm.us-east-2.amazonaws.com,['IN'],['A'],0,0,0,ip-10-100-1-26,0,0
2021-05-16T21:43:20Z,10.100.0.2,10.100.1.26,https://mincvxb.top/,['52.95.22.56'],['19'],ssm.us-east-2.amazonaws.com,['IN'],['A'],1,0,0,ip-10-100-1-26,0,0
2021-05-16T21:43:20Z,10.100.1.26,10.100.0.2,https://mincvxc.top/,,,ssm.us-east-2.amazonaws.com,['IN'],['AAAA'],0,0,0,ip-10-100-1-26,0,0
2021-05-16T21:43:20Z,10.100.0.2,10.100.1.26,https://mincvxd.top/,,,ssm.us-east-2.amazonaws.com,['IN'],['AAAA'],0,0,0,ip-10-100-1-26,0,0
2021-05-16T21:43:21Z,10.100.1.4,10.100.0.2,https://mincvxe.top/,,,ssm.us-east-2.amazonaws.com,['IN'],['A'],0,0,0,ip-10-100-1-4,0,0
2021-05-16T21:43:21Z,10.100.1.4,10.100.0.2,https://modishco.xyz/,,,ssm.us-east-2.amazonaws.com,['IN'],['AAAA'],0,0,0,ip-10-100-1-4,0,0
2021-05-16T21:43:21Z,10.100.0.2,10.100.1.4,https://mxespsote.vip/,['52.95.19.240'],['23'],ssm.us-east-2.amazonaws.com,['IN'],['A'],1,0,0,ip-10-100-1-4,0,0
2021-05-16T21:43:21Z,10.100.0.2,10.100.1.4,https://mxesptost.vip/,,,ssm.us-east-2.amazonaws.com,['IN'],['AAAA'],0,0,0,ip-10-100-1-4,0,0
2021-05-16T17:13:14Z,10.100.1.95,10.100.0.2,https://bantuanewallet.vercel.app/ask,,,ssm.us-east-2.amazonaws.com,['IN'],['A'],0,0,0,ip-10-100-1-95,0,0
2021-05-16T21:38:54Z,10.100.1.95,10.100.0.2,https://help-vcz.top/,,,us-east-2.ec2.archive.ubuntu.com,['IN'],['A'],0,0,0,ip-10-100-1-95,0,0
2021-05-16T21:38:54Z,10.100.1.95,10.100.0.2,https://help-vcz.top/,,,us-east-2.ec2.archive.ubuntu.com,['IN'],['A'],0,0,0,ip-10-100-1-95,0,0
2021-05-16T21:38:54Z,10.100.1.95,10.100.0.2,https://help-vcz.top/,,,us-east-2.ec2.archive.ubuntu.com,['IN'],['A'],0,0,0,ip-10-100-1-95,0,0
2021-05-16T21:38:54Z,10.100.1.95,10.100.0.2,https://help-vcz.top/,,,us-east-2.ec2.archive.ubuntu.com,['IN'],['A'],0,0,0,ip-10-100-1-95,0,0
2021-05-16T21:38:54Z,10.100.1.95,10.100.0.2,https://help-vcz.top/,,,us-east-2.ec2.archive.ubuntu.com,['IN'],['A'],0,0,0,ip-10-100-1-95,0,0
2021-05-16T21:43:14Z,10.100.1.95,10.100.0.2,https://inposdomaa.top/,,,ssm.us-east-2.amazonaws.com,['IN'],['A'],0,0,0,ip-10-100-1-95,0,0
2021-05-16T21:43:14Z,10.100.1.95,10.100.0.2,https://inposdomaa.top/,,,ssm.us-east-2.amazonaws.com,['IN'],['A'],0,0,0,ip-10-100-1-95,0,0
2021-05-16T21:43:14Z,10.100.1.95,10.100.0.2,https://inposdomaa.top/,,,ssm.us-east-2.amazonaws.com,['IN'],['A'],0,0,0,ip-10-100-1-95,0,0
2021-05-16T21:43:14Z,10.100.1.95,10.100.0.2,https://inposdomaa.top/,,,ssm.us-east-2.amazonaws.com,['IN'],['A'],0,0,0,ip-10-100-1-95,0,0
2021-05-16T20:03:17Z,10.100.1.105,10.100.0.2,https://web-16fe.app/,,,ssm.us-east-2.amazonaws.com,['IN'],['A'],0,0,0,ip-10-100-1-105,0,0
2021-05-16T20:03:17Z,10.100.1.105,10.100.0.2,https://web-16fe.app/,,,ssm.us-east-2.amazonaws.com,['IN'],['A'],0,0,0,ip-10-100-1-105,0,0
2021-05-16T20:03:17Z,10.100.1.105,10.100.0.2,https://web-16fe.app/,,,ssm.us-east-2.amazonaws.com,['IN'],['A'],0,0,0,ip-10-100-1-105,0,0
2021-05-16T20:03:17Z,10.100.1.105,10.100.0.2,https://web-16fe.app/,,,ssm.us-east-2.amazonaws.com,['IN'],['A'],0,0,0,ip-10-100-1-105,0,0
2021-05-16T20:03:17Z,10.100.1.105,10.100.0.2,https://web-16fe.app/,,,ssm.us-east-2.amazonaws.com,['IN'],['A'],0,0,0,ip-10-100-1-105,0,0
2021-05-16T20:03:17Z,10.100.1.105,10.100.0.2,https://web-16fe.app/,,,ssm.us-east-2.amazonaws.com,['IN'],['A'],0,0,0,ip-10-100-1-105,0,0
2021-05-16T20:03:17Z,10.100.1.105,10.100.0.2,https://web-16fe.app/,,,ssm.us-east-2.amazonaws.com,['IN'],['A'],0,0,0,ip-10-100-1-105,0,0
